t_s,hora,rng_m,rng_var,rng_min,rng_max,flow_q,flow_dist_m,px_x,px_y
3.0,09:30:31,0.14,0.0,0.02,12.0,55.0,0.14,0.00426,0.0
6.0,09:30:34,0.14,0.0,0.02,12.0,61.0,0.14,0.0,0.0
9.1,09:30:37,0.14,0.0,0.02,12.0,59.0,0.14,0.00426,0.0
12.1,09:30:40,0.13,0.0,0.02,12.0,62.0,0.14,0.01917,0.00213
15.2,09:30:43,0.14,0.0,0.02,12.0,62.0,0.14,0.05325,0.00639
18.3,09:30:46,0.13,0.0,0.02,12.0,65.0,0.14,0.00213,0.0
21.3,09:30:49,0.14,0.0,0.02,12.0,63.0,0.14,0.00426,0.0
24.3,09:30:52,0.14,0.0,0.02,12.0,64.0,0.135,0.03195,0.00213
27.3,09:30:55,0.14,0.0,0.02,12.0,66.0,0.14,0.0,0.00213
30.5,09:30:59,0.14,0.0,0.02,12.0,66.0,0.14,0.00213,0.0
33.5,09:31:02,0.15,0.0,0.02,12.0,66.0,0.14,0.00426,0.0
36.7,09:31:05,0.14,0.0,0.02,12.0,65.0,0.14,-0.00426,0.0
39.9,09:31:08,0.14,0.0,0.02,12.0,64.0,0.14,-0.00213,0.0
42.8,09:31:11,0.13,0.0,0.02,12.0,65.0,0.13,-0.00213,0.0
45.8,09:31:14,0.14,0.0,0.02,12.0,64.0,0.14,-0.00213,0.0
48.9,09:31:17,0.14,0.0,0.02,12.0,53.0,0.14,-0.00639,0.0
51.9,09:31:20,0.14,0.0,0.02,12.0,63.0,0.14,-0.00213,0.0
54.9,09:31:23,0.14,0.0,0.02,12.0,64.0,0.14,0.0,0.0
58.1,09:31:26,0.14,0.0,0.02,12.0,58.0,0.14,0.0,0.0
61.2,09:31:29,0.14,0.0,0.02,12.0,63.0,0.14,-0.00213,0.0
64.2,09:31:32,0.14,0.0,0.02,12.0,68.0,0.14,-0.00213,0.00213
67.2,09:31:35,0.14,0.0,0.02,12.0,59.0,0.14,-0.00426,0.0
70.2,09:31:38,0.13,0.0,0.02,12.0,59.0,0.15,-0.00426,0.0
73.2,09:31:41,0.13,0.0,0.02,12.0,63.0,0.14,-0.00639,0.0
76.2,09:31:44,0.14,0.0,0.02,12.0,63.0,0.14,-0.00639,0.0
79.2,09:31:47,0.14,0.0,0.02,12.0,65.0,0.14,0.00852,0.0
82.2,09:31:50,0.14,0.0,0.02,12.0,61.0,0.14,0.01065,-0.00213
85.2,09:31:53,0.14,0.0,0.02,12.0,64.0,0.14,0.01491,0.0
88.3,09:31:56,0.14,0.0,0.02,12.0,56.0,0.15,0.00852,0.0
91.3,09:31:59,0.15,0.0,0.02,12.0,63.0,0.13,0.00852,0.0
94.3,09:32:02,0.14,0.0,0.02,12.0,67.0,,0.0,0.0
97.4,09:32:05,0.14,0.0,0.02,12.0,68.0,0.14,0.02556,-0.00213
100.4,09:32:08,0.13,0.0,0.02,12.0,67.0,0.14,-0.00426,0.0
103.5,09:32:12,0.15,0.0,0.02,12.0,55.0,0.14,-0.03834,0.0
106.6,09:32:15,0.14,0.0,0.02,12.0,59.0,0.14,0.01065,0.0
109.6,09:32:18,0.15,0.0,0.02,12.0,58.0,0.15,0.00213,0.0
112.5,09:32:21,0.14,0.0,0.02,12.0,59.0,0.15,0.01065,0.0
115.5,09:32:24,0.14,0.0,0.02,12.0,70.0,0.14,0.0,0.0
118.5,09:32:27,0.14,0.0,0.02,12.0,65.0,0.14,0.00852,0.0
121.4,09:32:29,0.15,0.0,0.02,12.0,67.0,0.14,0.00426,0.0
124.4,09:32:32,0.13,0.0,0.02,12.0,66.0,0.14,-0.02982,0.0
127.7,09:32:36,0.14,0.0,0.02,12.0,60.0,0.13,0.00213,0.0
130.6,09:32:39,0.14,0.0,0.02,12.0,64.0,0.14,-0.02982,0.0
133.7,09:32:42,0.14,0.0,0.02,12.0,67.0,0.14,0.00213,0.0
136.5,09:32:45,0.14,0.0,0.02,12.0,64.0,0.145,-0.02982,0.0
139.5,09:32:48,0.14,0.0,0.02,12.0,61.0,0.13,-0.00426,0.0
142.6,09:32:51,0.13,0.0,0.02,12.0,65.0,0.14,0.0,0.0
145.6,09:32:54,0.14,0.0,0.02,12.0,61.0,0.14,0.00426,0.0
148.6,09:32:57,0.14,0.0,0.02,12.0,61.0,0.14,-0.00213,0.0
151.5,09:33:00,0.14,0.0,0.02,12.0,60.0,0.14,-0.00213,0.0
154.5,09:33:03,0.13,0.0,0.02,12.0,60.0,0.14,0.00639,0.00213
157.5,09:33:06,0.15,0.0,0.02,12.0,67.0,0.14,-0.01704,0.0
160.5,09:33:09,0.13,0.0,0.02,12.0,56.0,0.14,0.02343,0.0
163.4,09:33:11,0.14,0.0,0.02,12.0,53.0,0.19,-0.00213,0.00426
166.5,09:33:15,0.35,0.0001,0.02,12.0,82.0,0.99,0.01278,0.0
169.4,09:33:17,0.96,0.0002,0.02,12.0,67.0,0.96,-0.03621,0.00639
172.5,09:33:21,0.97,0.0003,0.02,12.0,45.0,0.995,-0.00213,-0.00213
175.5,09:33:24,1.0,0.0003,0.02,12.0,59.0,0.965,-0.01491,0.0
178.5,09:33:27,0.98,0.0003,0.02,12.0,45.0,0.965,-0.00639,-0.01278
181.5,09:33:30,1.0,0.0003,0.02,12.0,41.0,0.3,0.01065,0.00852
184.4,09:33:32,0.16,0.0,0.02,12.0,69.0,0.98,0.01917,0.00639
187.5,09:33:36,0.92,0.0002,0.02,12.0,75.0,0.9,-0.00213,-0.00426
190.4,09:33:38,0.92,0.0002,0.02,12.0,65.0,0.9,0.00852,-0.00639
193.2,09:33:41,0.91,0.0002,0.02,12.0,102.0,0.29,0.0,-0.00639
196.2,09:33:44,0.15,0.0,0.02,12.0,79.0,0.14,-0.00213,0.0
199.2,09:33:47,0.14,0.0,0.02,12.0,68.0,0.13,0.0,0.0
202.3,09:33:50,0.14,0.0,0.02,12.0,70.0,0.14,-0.00213,0.0
205.3,09:33:53,0.14,0.0,0.02,12.0,71.0,0.14,0.00213,0.0
208.2,09:33:56,0.14,0.0,0.02,12.0,71.0,0.14,0.0,0.0
211.3,09:33:59,0.14,0.0,0.02,12.0,69.0,0.14,-0.00852,0.0
214.5,09:34:03,0.14,0.0,0.02,12.0,73.0,0.14,0.00426,0.0
217.3,09:34:05,0.14,0.0,0.02,12.0,73.0,0.14,0.00426,0.0
220.3,09:34:08,0.15,0.0,0.02,12.0,72.0,0.14,0.0,0.0
223.3,09:34:11,0.14,0.0,0.02,12.0,70.0,0.15,0.00426,0.0
226.4,09:34:14,0.14,0.0,0.02,12.0,70.0,0.14,0.0,0.0
229.4,09:34:17,0.14,0.0,0.02,12.0,68.0,0.14,0.00852,0.0
232.5,09:34:21,0.14,0.0,0.02,12.0,74.0,0.14,0.00213,0.0
235.5,09:34:24,0.15,0.0,0.02,12.0,73.0,0.15,0.0,0.0
238.5,09:34:27,0.14,0.0,0.02,12.0,70.0,0.14,0.0,0.0
241.5,09:34:30,0.15,0.0,0.02,12.0,63.0,0.14,0.00213,0.0
244.5,09:34:33,0.14,0.0,0.02,12.0,68.0,0.14,0.00213,0.0
247.4,09:34:35,0.15,0.0,0.02,12.0,71.0,0.15,0.00426,0.00213
250.4,09:34:38,0.14,0.0,0.02,12.0,71.0,0.14,0.0,0.00213
253.5,09:34:42,0.14,0.0,0.02,12.0,68.0,0.14,0.0,0.0
256.4,09:34:44,0.14,0.0,0.02,12.0,72.0,0.14,-0.00213,0.0
259.3,09:34:47,0.14,0.0,0.02,12.0,71.0,0.15,-0.01065,0.0
262.3,09:34:50,0.14,0.0,0.02,12.0,66.0,0.14,0.0,0.0
265.4,09:34:53,0.15,0.0,0.02,12.0,71.0,0.14,0.00426,0.0
268.4,09:34:56,0.14,0.0,0.02,12.0,66.0,0.13,0.0,0.0
271.4,09:34:59,0.13,0.0,0.02,12.0,71.0,0.14,0.00426,0.0
274.6,09:35:03,0.14,0.0,0.02,12.0,73.0,0.14,0.0,0.0
277.6,09:35:06,0.14,0.0,0.02,12.0,64.0,0.15,0.00213,0.0
280.5,09:35:09,0.14,0.0,0.02,12.0,66.0,0.13,0.0,0.0
283.5,09:35:12,0.14,0.0,0.02,12.0,70.0,0.15,0.0,0.0
286.5,09:35:15,0.14,0.0,0.02,12.0,69.0,0.14,0.0,0.0
289.4,09:35:17,0.14,0.0,0.02,12.0,68.0,0.14,0.0,0.0
292.4,09:35:20,0.14,0.0,0.02,12.0,69.0,0.14,-0.00213,0.0
295.4,09:35:23,0.14,0.0,0.02,12.0,68.0,0.14,-0.00213,0.0
298.5,09:35:27,0.14,0.0,0.02,12.0,69.0,0.14,0.0,0.0
301.5,09:35:30,0.13,0.0,0.02,12.0,69.0,0.14,0.0,0.0
304.6,09:35:33,0.14,0.0,0.02,12.0,72.0,0.14,0.0,0.0
307.5,09:35:36,0.14,0.0,0.02,12.0,67.0,0.15,0.0,0.0
310.4,09:35:38,0.14,0.0,0.02,12.0,71.0,0.145,-0.00213,0.0
313.4,09:35:41,0.14,0.0,0.02,12.0,67.0,0.14,0.0,0.0
316.4,09:35:44,0.14,0.0,0.02,12.0,62.0,0.135,0.0,0.0
319.2,09:35:47,0.14,0.0,0.02,12.0,73.0,0.14,-0.00213,0.0
322.3,09:35:50,0.14,0.0,0.02,12.0,71.0,0.15,-0.00213,0.0
325.3,09:35:53,0.14,0.0,0.02,12.0,69.0,0.13,0.0,0.0
328.2,09:35:56,0.13,0.0,0.02,12.0,64.0,0.14,0.0,0.0
331.3,09:35:59,0.14,0.0,0.02,12.0,68.0,0.13,0.00639,0.0
334.5,09:36:03,0.14,0.0,0.02,12.0,72.0,0.14,0.0,0.0
337.4,09:36:05,0.14,0.0,0.02,12.0,72.0,0.14,0.00213,0.0
340.5,09:36:09,0.13,0.0,0.02,12.0,68.0,0.14,0.00213,0.0
343.7,09:36:12,0.13,0.0,0.02,12.0,67.0,0.14,0.00213,0.0
346.5,09:36:15,0.14,0.0,0.02,12.0,72.0,0.15,0.00213,0.0
349.6,09:36:18,0.13,0.0,0.02,12.0,68.0,0.135,0.0,0.0
352.9,09:36:21,0.14,0.0,0.02,12.0,70.0,0.14,0.0,0.0
355.9,09:36:24,0.14,0.0,0.02,12.0,72.0,0.14,0.0,0.0
358.9,09:36:27,0.13,0.0,0.02,12.0,67.0,0.14,0.00213,0.0
361.9,09:36:30,0.14,0.0,0.02,12.0,66.0,0.13,0.0,0.0
364.7,09:36:33,0.14,0.0,0.02,12.0,62.0,0.14,0.0,0.0
367.8,09:36:36,0.13,0.0,0.02,12.0,67.0,0.135,-0.00852,0.0
371.1,09:36:39,0.13,0.0,0.02,12.0,70.0,0.14,0.00213,0.0
374.3,09:36:42,0.13,0.0,0.02,12.0,72.0,0.14,0.00639,0.0
377.2,09:36:45,0.14,0.0,0.02,12.0,68.0,0.135,-0.00426,0.0
380.2,09:36:48,0.14,0.0,0.02,12.0,72.0,0.14,0.0,0.0
383.2,09:36:51,0.13,0.0,0.02,12.0,63.0,0.14,0.00213,0.0
386.2,09:36:54,0.14,0.0,0.02,12.0,72.0,0.14,-0.00639,0.0
389.2,09:36:57,0.13,0.0,0.02,12.0,70.0,0.14,0.0,0.0
392.1,09:37:00,0.14,0.0,0.02,12.0,51.0,0.2,0.00639,0.0213
395.1,09:37:03,0.93,0.0002,0.02,12.0,68.0,0.92,0.00852,0.01065
398.1,09:37:06,0.96,0.0002,0.02,12.0,55.0,0.925,-0.00213,0.0
401.0,09:37:09,0.95,0.0003,0.02,12.0,53.0,0.995,-0.00213,0.0
404.1,09:37:12,1.82,0.0014,0.02,12.0,46.0,2.285,0.0,0.0
407.1,09:37:15,2.02,0.0026,0.02,12.0,46.0,2.175,0.0,0.00213
410.1,09:37:18,2.1,0.0026,0.02,12.0,51.0,2.105,-0.00213,0.00213
413.1,09:37:21,2.11,0.0027,0.02,12.0,78.0,2.11,0.0,-0.00213
416.0,09:37:24,2.28,0.0025,0.02,12.0,57.0,2.305,0.0,0.0
418.9,09:37:27,2.29,0.0023,0.02,12.0,75.0,2.255,-0.01491,0.0
422.0,09:37:30,2.11,0.0026,0.02,12.0,55.0,2.025,0.0,-0.00213
424.9,09:37:33,2.05,0.0027,0.02,12.0,41.0,2.145,0.0,0.0
427.9,09:37:36,2.22,0.0024,0.02,12.0,46.0,2.24,0.0,0.0
431.0,09:37:39,2.37,0.002,0.02,12.0,43.0,2.325,0.00426,-0.00426
434.0,09:37:42,2.19,0.0026,0.02,12.0,45.0,2.185,0.00426,-0.00639
437.0,09:37:45,1.14,0.0008,0.02,12.0,46.0,0.955,-0.00426,0.0
440.1,09:37:48,0.92,0.0002,0.02,12.0,57.0,0.91,0.0,-0.00213
443.0,09:37:51,0.95,0.0003,0.02,12.0,82.0,0.9,0.0,-0.01491
446.0,09:37:54,0.13,0.0,0.02,12.0,68.0,0.14,-0.00213,0.00426
449.1,09:37:57,0.14,0.0,0.02,12.0,71.0,0.13,0.00639,0.0
452.1,09:38:00,0.14,0.0,0.02,12.0,59.0,0.14,-0.00213,0.0
455.1,09:38:03,0.13,0.0,0.02,12.0,60.0,0.13,-0.00213,0.0
458.2,09:38:06,0.13,0.0,0.02,12.0,68.0,0.14,0.0,0.0
461.2,09:38:09,0.14,0.0,0.02,12.0,63.0,0.13,0.0,0.0
464.2,09:38:12,0.13,0.0,0.02,12.0,64.0,0.14,0.00213,0.0
467.2,09:38:15,0.13,0.0,0.02,12.0,65.0,0.13,-0.00426,0.0
470.0,09:38:18,0.14,0.0,0.02,12.0,64.0,0.14,0.00426,0.0
473.0,09:38:21,0.13,0.0,0.02,12.0,59.0,0.13,0.0,0.0
476.0,09:38:24,0.13,0.0,0.02,12.0,63.0,0.13,0.00213,0.0
479.0,09:38:27,0.14,0.0,0.02,12.0,62.0,0.13,0.00213,0.0
482.0,09:38:30,0.13,0.0,0.02,12.0,61.0,0.14,0.0,0.0
485.1,09:38:33,0.13,0.0,0.02,12.0,67.0,0.13,-0.02556,0.0
488.2,09:38:36,0.14,0.0,0.02,12.0,61.0,0.13,0.00639,0.0
491.3,09:38:39,0.14,0.0,0.02,12.0,67.0,0.13,0.0,0.0
494.3,09:38:42,0.13,0.0,0.02,12.0,66.0,0.13,0.00213,0.0
497.6,09:38:46,0.13,0.0,0.02,12.0,69.0,0.14,-0.00639,0.0
500.8,09:38:49,0.13,0.0,0.02,12.0,56.0,0.14,0.00213,0.0
504.0,09:38:52,0.13,0.0,0.02,12.0,60.0,0.13,-0.00426,0.0
506.9,09:38:55,,,,,,,,
509.8,09:38:58,,,,,,,,
512.8,09:39:01,,,,,,,,
515.8,09:39:04,0.15,0.0,0.02,12.0,61.0,0.13,0.0,0.0
518.9,09:39:07,0.14,0.0,0.02,12.0,62.0,0.14,-0.00213,0.0
521.8,09:39:10,0.14,0.0,0.02,12.0,57.0,0.13,0.0,0.00213
524.7,09:39:13,0.14,0.0,0.02,12.0,65.0,0.14,-0.00213,0.0
527.9,09:39:16,0.13,0.0,0.02,12.0,62.0,0.13,-0.00213,0.0
531.2,09:39:19,0.13,0.0,0.02,12.0,68.0,0.13,0.0,0.0
534.2,09:39:22,0.13,0.0,0.02,12.0,59.0,0.14,-0.00426,0.0
537.2,09:39:25,0.13,0.0,0.02,12.0,63.0,0.14,-0.01278,0.0
